Año,Indicador,Valor,Pais
1970,EN.GHG.CO2.PC.CE.AR5,1.38615712964897,Colombia
1971,EN.GHG.CO2.PC.CE.AR5,1.36752984272879,Colombia
1972,EN.GHG.CO2.PC.CE.AR5,1.3691979074008,Colombia
1973,EN.GHG.CO2.PC.CE.AR5,1.38070251365106,Colombia
1974,EN.GHG.CO2.PC.CE.AR5,1.39841650867855,Colombia
1975,EN.GHG.CO2.PC.CE.AR5,1.47053859549111,Colombia
1976,EN.GHG.CO2.PC.CE.AR5,1.53523583112486,Colombia
1977,EN.GHG.CO2.PC.CE.AR5,1.54197672543343,Colombia
1978,EN.GHG.CO2.PC.CE.AR5,1.60781395457705,Colombia
1979,EN.GHG.CO2.PC.CE.AR5,1.58100373473102,Colombia
1980,EN.GHG.CO2.PC.CE.AR5,1.57382455697865,Colombia
1981,EN.GHG.CO2.PC.CE.AR5,1.55700536366443,Colombia
1982,EN.GHG.CO2.PC.CE.AR5,1.5431190733626,Colombia
1983,EN.GHG.CO2.PC.CE.AR5,1.5818896074424,Colombia
1984,EN.GHG.CO2.PC.CE.AR5,1.57156328543164,Colombia
1985,EN.GHG.CO2.PC.CE.AR5,1.59073911277221,Colombia
1986,EN.GHG.CO2.PC.CE.AR5,1.57556891248977,Colombia
1987,EN.GHG.CO2.PC.CE.AR5,1.60992321603522,Colombia
1988,EN.GHG.CO2.PC.CE.AR5,1.59372196883034,Colombia
1989,EN.GHG.CO2.PC.CE.AR5,1.60967556962853,Colombia
1990,EN.GHG.CO2.PC.CE.AR5,1.64000267693635,Colombia
1991,EN.GHG.CO2.PC.CE.AR5,1.66249566594997,Colombia
1992,EN.GHG.CO2.PC.CE.AR5,1.72780549238933,Colombia
1993,EN.GHG.CO2.PC.CE.AR5,1.79020798558761,Colombia
1994,EN.GHG.CO2.PC.CE.AR5,1.74539483554296,Colombia
1995,EN.GHG.CO2.PC.CE.AR5,1.78708292233006,Colombia
1996,EN.GHG.CO2.PC.CE.AR5,1.73271101777993,Colombia
1997,EN.GHG.CO2.PC.CE.AR5,1.84164288664664,Colombia
1998,EN.GHG.CO2.PC.CE.AR5,1.81889553033016,Colombia
1999,EN.GHG.CO2.PC.CE.AR5,1.5665300900955,Colombia
2000,EN.GHG.CO2.PC.CE.AR5,1.62232046746357,Colombia
2001,EN.GHG.CO2.PC.CE.AR5,1.58737525769177,Colombia
2002,EN.GHG.CO2.PC.CE.AR5,1.50246201581761,Colombia
2003,EN.GHG.CO2.PC.CE.AR5,1.46690208610805,Colombia
2004,EN.GHG.CO2.PC.CE.AR5,1.44656025415104,Colombia
2005,EN.GHG.CO2.PC.CE.AR5,1.46901976755809,Colombia
2006,EN.GHG.CO2.PC.CE.AR5,1.38318811487663,Colombia
2007,EN.GHG.CO2.PC.CE.AR5,1.41654840316635,Colombia
2008,EN.GHG.CO2.PC.CE.AR5,1.39852072752987,Colombia
2009,EN.GHG.CO2.PC.CE.AR5,1.47547382640238,Colombia
2010,EN.GHG.CO2.PC.CE.AR5,1.52200045741908,Colombia
2011,EN.GHG.CO2.PC.CE.AR5,1.61663552853102,Colombia
2012,EN.GHG.CO2.PC.CE.AR5,1.61000537888315,Colombia
2013,EN.GHG.CO2.PC.CE.AR5,1.8121783209001,Colombia
2014,EN.GHG.CO2.PC.CE.AR5,1.82364474726519,Colombia
2015,EN.GHG.CO2.PC.CE.AR5,1.83556759919216,Colombia
2016,EN.GHG.CO2.PC.CE.AR5,1.8654751539246,Colombia
2017,EN.GHG.CO2.PC.CE.AR5,1.68289187289759,Colombia
2018,EN.GHG.CO2.PC.CE.AR5,1.74191600051117,Colombia
2019,EN.GHG.CO2.PC.CE.AR5,1.72438739011403,Colombia
2020,EN.GHG.CO2.PC.CE.AR5,1.66507219030647,Colombia
2021,EN.GHG.CO2.PC.CE.AR5,1.80057803586778,Colombia
2022,EN.GHG.CO2.PC.CE.AR5,1.70753982802254,Colombia
2023,EN.GHG.CO2.PC.CE.AR5,1.77360964835025,Colombia
2024,EN.GHG.CO2.PC.CE.AR5,1.79780371737796,Colombia
